Year,Player,Nation,Team,ESPY Winner,ESPY Finalist,Best XI,Comeback Player of the Year Winner,Defender Award Other Finalists,Defender of the Year Winner,GK of the Year Rank,GK of the Year Finalist,Goal of the Year,Golden Boot,No of Months,Player of the Month,Landon Donovan MVP Winner,Landon Donovan MVP Finalist,All-Star Game MVP,Newcomer of the Year,Position,Draft Pick,Draft Class,College,Age,Young Player of the Year
2006,Landon Donovan,USA,LA Galaxy,1.0,1.0,0.0,0.0,,0.0,,0.0,0.0,0.0,,0.0,,0.0,0.0,0.0,,,,,,0
2007,Landon Donovan,USA,LA Galaxy,1.0,1.0,0.0,0.0,,0.0,,0.0,0.0,0.0,,0.0,,0.0,0.0,0.0,,,,,,0
2008,David Beckham,ENG,LA Galaxy,1.0,1.0,0.0,0.0,,0.0,,0.0,0.0,0.0,,0.0,,0.0,0.0,0.0,,,,,,0
2009,Landon Donovan,USA,LA Galaxy,1.0,1.0,0.0,0.0,,0.0,,0.0,1.0,0.0,1.0,1.0,1.0,1.0,0.0,0.0,,,,,,0
2010,Landon Donovan,USA,LA Galaxy,1.0,1.0,0.0,0.0,,0.0,,0.0,0.0,0.0,,0.0,,0.0,0.0,0.0,,,,,,0
2011,Landon Donovan,USA,LA Galaxy,1.0,1.0,0.0,0.0,,0.0,,0.0,0.0,0.0,1.0,1.0,,0.0,0.0,0.0,,,,,,0
2012,David Beckham,ENG,LA Galaxy,1.0,1.0,0.0,0.0,,0.0,,0.0,0.0,0.0,,0.0,,0.0,0.0,0.0,,,,,,0
2013,Thierry Henry,FRA,New York Red Bulls,1.0,1.0,0.0,0.0,,0.0,,0.0,0.0,0.0,,0.0,,0.0,0.0,0.0,,,,,,0
2014,Tim Cahill,AUS,New York Red Bulls,1.0,1.0,0.0,0.0,,0.0,,0.0,0.0,0.0,,0.0,,0.0,0.0,0.0,,,,,,0
2015,Robbie Keane,IRL,LA Galaxy,1.0,1.0,1.0,0.0,,0.0,,0.0,0.0,0.0,,0.0,,0.0,0.0,0.0,,,,,,0
2016,Sebastian Giovinco,ITA,Toronto FC,1.0,1.0,0.0,0.0,,0.0,,0.0,0.0,0.0,,0.0,,0.0,0.0,0.0,,,,,,0
2016,Sebastian Giovinco,,Toronto,,,1.0,0.0,,0.0,,0.0,0.0,0.0,,0.0,,0.0,0.0,0.0,,,,,,0
2017,David Villa,ESP,New York City FC,1.0,1.0,0.0,0.0,,0.0,,0.0,0.0,0.0,1.0,1.0,0.0,1.0,0.0,0.0,,,,,,0
2017,David Villa,,New York City,,,1.0,0.0,,0.0,,0.0,0.0,0.0,1.0,1.0,0.0,1.0,0.0,0.0,,,,,,0
2018,Nemanja Nikolić,HUN,Chicago Fire,1.0,1.0,0.0,0.0,,0.0,,0.0,0.0,0.0,,0.0,,0.0,0.0,0.0,,,,,,0
2019,Zlatan Ibrahimović,SWE,LA Galaxy,1.0,1.0,1.0,0.0,,0.0,,0.0,0.0,0.0,,0.0,0.0,1.0,0.0,0.0,,,,,,0
2021,Diego Rossi,URU,Los Angeles FC,1.0,1.0,0.0,0.0,,0.0,,0.0,0.0,0.0,,0.0,,0.0,0.0,0.0,,,,,,0
2022,Carlos Vela,MEX,Los Angeles FC,1.0,1.0,0.0,0.0,,0.0,,0.0,0.0,0.0,,0.0,,0.0,0.0,0.0,,,,,,0
2022,Carlos Vela,,LAFC,,,1.0,0.0,,0.0,,0.0,0.0,0.0,,0.0,,0.0,0.0,0.0,,,,,,0
2006,Dwayne De Rosario, CAN,San Jose Earthquakes,0.0,1.0,0.0,0.0,,0.0,,0.0,0.0,0.0,,0.0,0.0,1.0,0.0,0.0,,,,,,0
2006,Jaime Moreno, BOL,D.C. United,0.0,1.0,0.0,0.0,,0.0,,0.0,0.0,0.0,,0.0,,0.0,0.0,0.0,,,,,,0
2006,Taylor Twellman, USA,New England Revolution,0.0,1.0,0.0,0.0,,0.0,,0.0,0.0,0.0,,0.0,,0.0,0.0,0.0,,,,,,0
2007,Jeff Cunningham, USA,Toronto FC,0.0,1.0,0.0,0.0,,0.0,,0.0,0.0,0.0,,0.0,,0.0,0.0,0.0,,,,,,0
2007,Christian Gómez, ARG,D.C. United,0.0,1.0,0.0,0.0,,0.0,,0.0,0.0,0.0,,0.0,,0.0,0.0,0.0,,,,,,0
2007,Matt Reis, USA,New England Revolution,0.0,1.0,0.0,0.0,,0.0,3.0,1.0,0.0,0.0,,0.0,,0.0,0.0,0.0,,,,,,0
2008,Juan Pablo Ángel, COL,New York Red Bulls,0.0,1.0,0.0,0.0,,0.0,,0.0,0.0,0.0,,0.0,,0.0,0.0,0.0,,,,,,0
2008,Luciano Emílio, BRA,D.C. United,0.0,1.0,0.0,0.0,,0.0,,0.0,0.0,0.0,,0.0,,0.0,0.0,0.0,,,,,,0
2009,Juan Pablo Ángel, COL,New York Red Bulls,0.0,1.0,0.0,0.0,,0.0,,0.0,0.0,0.0,,0.0,,0.0,0.0,0.0,,,,,,0
2009,Guillermo Barros Schelotto, ARG,Columbus Crew,0.0,1.0,0.0,0.0,,0.0,,0.0,0.0,0.0,1.0,1.0,,0.0,0.0,0.0,,,,,,0
2010,Conor Casey, USA,Colorado Rapids,0.0,1.0,0.0,0.0,,0.0,,0.0,0.0,0.0,,0.0,,0.0,0.0,0.0,,,,,,0
2010,Jeff Cunningham, USA,FC Dallas,0.0,1.0,0.0,0.0,,0.0,,0.0,0.0,0.0,,0.0,,0.0,0.0,0.0,,,,,,0
2010,Shalrie Joseph, GRD,New England Revolution,0.0,1.0,0.0,0.0,,0.0,,0.0,0.0,0.0,,0.0,,0.0,0.0,0.0,,,,,,0
2010,Kasey Keller, USA,Seattle Sounders FC,0.0,1.0,0.0,0.0,,0.0,,0.0,0.0,0.0,,0.0,,0.0,0.0,0.0,,,,,,0
2011,Edson Buddle, USA,LA Galaxy,0.0,1.0,0.0,0.0,,0.0,,0.0,0.0,0.0,,0.0,,0.0,0.0,0.0,,,,,,0
2011,David Ferreira, COL,FC Dallas,0.0,1.0,0.0,0.0,,0.0,,0.0,0.0,0.0,,0.0,,0.0,0.0,0.0,,,,,,0
2011,Chris Wondolowski, USA,San Jose Earthquakes,0.0,1.0,0.0,0.0,,0.0,,0.0,0.0,0.0,1.0,1.0,,0.0,0.0,0.0,,,,,,0
2011,Chris Wondolowski,,San Jose,,,1.0,0.0,,0.0,,0.0,0.0,0.0,1.0,1.0,,0.0,0.0,0.0,,,,,,0
2012,Dwayne De Rosario, CAN,D.C. United,0.0,1.0,0.0,0.0,,0.0,,0.0,0.0,0.0,1.0,1.0,,0.0,0.0,0.0,,,,,,0
2013,Chris Wondolowski, USA,San Jose Earthquakes,0.0,1.0,0.0,0.0,,0.0,,0.0,0.0,0.0,,0.0,,0.0,0.0,0.0,,,,,,0
2013,Graham Zusi, USA,Sporting Kansas City,0.0,1.0,0.0,0.0,,0.0,,0.0,0.0,0.0,,0.0,,0.0,0.0,0.0,,,,,,0
2013,Graham Zusi,,Sporting KC,,,1.0,0.0,,0.0,,0.0,0.0,0.0,,0.0,,0.0,0.0,0.0,,,,,,0
2014,Marco Di Vaio, ITA,Montreal Impact,0.0,1.0,0.0,0.0,,0.0,,0.0,0.0,0.0,,0.0,,0.0,0.0,0.0,,,,,,0
2014,Robbie Keane, IRL,LA Galaxy,0.0,1.0,1.0,0.0,,0.0,,0.0,0.0,0.0,,0.0,1.0,1.0,0.0,0.0,,,,,,0
2014,Mike Magee, USA,Chicago Fire,0.0,1.0,0.0,0.0,,0.0,,0.0,0.0,0.0,,0.0,,0.0,0.0,0.0,,,,,,0
2015,Obafemi Martins, NGA,Seattle Sounders FC,0.0,1.0,0.0,0.0,,0.0,,0.0,0.0,0.0,,0.0,,0.0,0.0,0.0,,,,,,0
2015,Lee Nguyen, USA,New England Revolution,0.0,1.0,0.0,0.0,,0.0,,0.0,0.0,0.0,,0.0,,0.0,0.0,0.0,,,,,,0
2015,Bradley Wright-Phillips, ENG,New York Red Bulls,0.0,1.0,0.0,0.0,,0.0,,0.0,0.0,0.0,,0.0,,0.0,0.0,0.0,,,,,,0
2016,Kei Kamara, SLE,New England Revolution,0.0,1.0,0.0,0.0,,0.0,,0.0,0.0,0.0,,0.0,,0.0,0.0,0.0,,,,,,0
2016,Laurent Ciman, BEL,Montreal Impact,0.0,1.0,0.0,0.0,,0.0,,0.0,0.0,0.0,,0.0,,0.0,0.0,0.0,,,,,,0
2016,Luis Robles, USA,New York Red Bulls,0.0,1.0,0.0,0.0,,0.0,2.0,1.0,0.0,0.0,,0.0,,0.0,0.0,0.0,,,,,,0
2017,Andre Blake, JAM,Philadelphia Union,0.0,1.0,0.0,0.0,,0.0,2.0,1.0,0.0,0.0,,0.0,,0.0,0.0,0.0,,,,,,0
2017,Stefan Frei, SUI,Seattle Sounders FC,0.0,1.0,0.0,0.0,,0.0,3.0,1.0,0.0,0.0,,0.0,,0.0,0.0,0.0,,,,,,0
2017,Matt Hedges, USA,FC Dallas,0.0,1.0,0.0,0.0,,0.0,,0.0,0.0,0.0,,0.0,,0.0,0.0,0.0,,,,,,0
2017,Bradley Wright-Phillips, ENG,New York Red Bulls,0.0,1.0,0.0,0.0,,0.0,,0.0,0.0,0.0,,0.0,,0.0,0.0,0.0,,,,,,0
2018,Tim Melia, USA,Sporting Kansas City,0.0,1.0,0.0,0.0,,0.0,4.0,1.0,0.0,0.0,,0.0,,0.0,0.0,0.0,,,,,,0
2018,Ike Opara, USA,Sporting Kansas City,0.0,1.0,0.0,0.0,,0.0,,0.0,0.0,0.0,,0.0,,0.0,0.0,0.0,,,,,,0
2018,Diego Valeri, ARG,Portland Timbers,0.0,1.0,0.0,0.0,,0.0,,0.0,0.0,0.0,,0.0,,0.0,0.0,0.0,,,,,,0
2019,Josef Martínez, VEN,Atlanta United FC,0.0,1.0,0.0,0.0,,0.0,,0.0,1.0,0.0,2.0,1.0,0.0,1.0,0.0,0.0,,,,,,0
2019,Aaron Long, USA,New York Red Bulls,0.0,1.0,0.0,0.0,,0.0,,0.0,0.0,0.0,,0.0,,0.0,0.0,0.0,,,,,,0
2019,Wayne Rooney, ENG,D.C. United,0.0,1.0,0.0,0.0,,0.0,,0.0,0.0,0.0,,0.0,,0.0,0.0,0.0,,,,,,0
2021,Andre Blake, JAM,Philadelphia Union,0.0,1.0,0.0,0.0,,0.0,2.0,1.0,0.0,0.0,,0.0,,0.0,0.0,0.0,,,,,,0
2021,Alejandro Pozuelo, ESP,Toronto FC,0.0,1.0,0.0,0.0,,0.0,,0.0,0.0,0.0,,0.0,,0.0,0.0,0.0,,,,,,0
2021,Lucas Zelarayán, ARM,Columbus Crew,0.0,1.0,0.0,0.0,,0.0,,0.0,0.0,0.0,,0.0,,0.0,0.0,0.0,,,,,,0
2022,Valentín Castellanos, ARG,New York City FC,0.0,1.0,0.0,0.0,,0.0,,0.0,0.0,0.0,,0.0,,0.0,0.0,0.0,,,,,,0
2022,Jesús Ferreira, USA,FC Dallas,0.0,1.0,0.0,0.0,,0.0,,0.0,0.0,0.0,,0.0,,0.0,0.0,0.0,Forward,,,,21.0,1
2022,Jesús Ferreira,,Dallas,,,1.0,0.0,,0.0,,0.0,0.0,0.0,,0.0,,0.0,0.0,0.0,,,,,,0
2022,Carles Gil, ESP,New England Revolution,0.0,1.0,0.0,0.0,,0.0,,0.0,0.0,0.0,,0.0,,0.0,0.0,0.0,,,,,,0
1996,Mark Dodd,,Dallas,,,1.0,0.0,,0.0,1.0,1.0,0.0,0.0,,0.0,,0.0,0.0,0.0,,,,,,0
1996,Leonel Álvarez,,Dallas,,,1.0,0.0,,0.0,,0.0,0.0,0.0,,0.0,,0.0,0.0,0.0,,,,,,0
1996,John Doyle,,San Jose,,,1.0,0.0,,0.0,,0.0,0.0,0.0,,0.0,,0.0,0.0,0.0,,,,,,0
1996,John Doyle,,San Jose Clash,,,,,,1.0,,0.0,0.0,0.0,,0.0,,0.0,0.0,0.0,,,,,,0
1996,Robin Fraser,,LA Galaxy,,,1.0,0.0,,0.0,,0.0,0.0,0.0,,0.0,,0.0,0.0,0.0,,,,,,0
1996,Mauricio Cienfuegos,,LA Galaxy,,,1.0,0.0,,0.0,,0.0,0.0,0.0,,0.0,,0.0,0.0,0.0,,,,,,0
1996,Roberto Donadoni,,MetroStars,,,1.0,0.0,,0.0,,0.0,0.0,0.0,,0.0,,0.0,0.0,0.0,,,,,,0
1996,Marco Etcheverry,,D.C. United,,,1.0,0.0,,0.0,,0.0,0.0,0.0,,0.0,,0.0,0.0,0.0,,,,,,0
1996,Preki,,Kansas City,,,1.0,0.0,,0.0,,0.0,0.0,0.0,,0.0,0.0,1.0,0.0,0.0,,,,,,0
1996,Carlos Valderrama,,Tampa Bay,,,1.0,0.0,,0.0,,0.0,0.0,0.0,,0.0,1.0,1.0,0.0,0.0,,,,,,0
1996,Eduardo Hurtado,,LA Galaxy,,,1.0,0.0,,0.0,,0.0,0.0,0.0,,0.0,,0.0,0.0,0.0,,,,,,0
1996,Roy Lassiter,,Tampa Bay,,,1.0,0.0,,0.0,,0.0,0.0,1.0,,0.0,0.0,1.0,0.0,0.0,,,,,,0
1997,Brad Friedel,,Columbus,,,1.0,0.0,,0.0,1.0,1.0,0.0,0.0,,0.0,,0.0,0.0,0.0,,,,,,0
1997,Jeff Agoos,,D.C. United,,,1.0,0.0,,0.0,,0.0,0.0,0.0,,0.0,,0.0,0.0,0.0,,,,,,0
1997,Thomas Dooley,,Columbus,,,1.0,0.0,,0.0,,0.0,0.0,0.0,,0.0,,0.0,0.0,0.0,,,,,,0
1997,Richard Gough,,Kansas City,,,1.0,0.0,,0.0,,0.0,0.0,0.0,,0.0,,0.0,0.0,0.0,,,,,,0
1997,Eddie Pope,,D.C. United,,,1.0,0.0,,1.0,,0.0,0.0,0.0,,0.0,,0.0,0.0,0.0,,,,,,0
1997,Mark Chung,,Kansas City,,,1.0,0.0,,0.0,,0.0,0.0,0.0,,0.0,,0.0,0.0,0.0,,,,,,0
1997,Marco Etcheverry,,D.C. United,,,1.0,0.0,,0.0,,0.0,1.0,0.0,,0.0,0.0,1.0,0.0,0.0,,,,,,0
1997,Ronald Cerritos,,San Jose,,,1.0,0.0,,0.0,,0.0,0.0,0.0,,0.0,,0.0,0.0,0.0,,,,,,0
1997,Jaime Moreno,,D.C. United,,,1.0,0.0,,0.0,,0.0,0.0,0.0,,0.0,,0.0,0.0,0.0,,,,,,0
1998,Zach Thornton,,Chicago,,,1.0,0.0,,0.0,1.0,1.0,0.0,0.0,,0.0,,0.0,0.0,0.0,,,,,,0
1998,Thomas Dooley,,Columbus,,,1.0,0.0,,0.0,,0.0,0.0,0.0,,0.0,,0.0,0.0,0.0,,,,,,0
1998,Chris Armas,,Chicago,,,1.0,0.0,,0.0,,0.0,0.0,0.0,,0.0,,0.0,0.0,0.0,,,,,,0
1998,Mauricio Cienfuegos,,LA Galaxy,,,1.0,0.0,,0.0,,0.0,0.0,0.0,,0.0,,0.0,0.0,0.0,,,,,,0
1998,Piotr Nowak,,Chicago,,,1.0,0.0,,0.0,,0.0,0.0,0.0,,0.0,,0.0,0.0,0.0,,,,,,0
1998,Stern John,,Columbus,,,1.0,0.0,,0.0,,0.0,0.0,1.0,,0.0,,0.0,0.0,0.0,,,,,,0
1998,Cobi Jones,,LA Galaxy,,,1.0,0.0,,0.0,,0.0,0.0,0.0,,0.0,0.0,1.0,0.0,0.0,,,,,,0
1999,Kevin Hartman,,LA Galaxy,,,1.0,0.0,,0.0,1.0,1.0,0.0,0.0,,0.0,,0.0,0.0,0.0,,,,,,0
1999,Jeff Agoos,,D.C. United,,,1.0,0.0,,0.0,,0.0,0.0,0.0,,0.0,,0.0,0.0,0.0,,,,,,0
1999,Chris Armas,,Chicago,,,1.0,0.0,,0.0,,0.0,0.0,0.0,,0.0,,0.0,0.0,0.0,,,,,,0
1999,Eddie Lewis,,San Jose,,,1.0,0.0,,0.0,,0.0,0.0,0.0,,0.0,,0.0,0.0,0.0,,,,,,0
1999,Steve Ralston,,Tampa Bay,,,1.0,0.0,,0.0,,0.0,0.0,0.0,,0.0,,0.0,0.0,0.0,,,,,,0
1999,Jason Kreis,,Dallas,,,1.0,0.0,,0.0,,0.0,0.0,1.0,,0.0,1.0,1.0,0.0,0.0,,,,,,0
1999,Jaime Moreno,,D.C. United,,,1.0,0.0,,0.0,,0.0,0.0,0.0,,0.0,0.0,1.0,0.0,0.0,,,,,,0
2000,Tony Meola,,Kansas City,,,1.0,0.0,,0.0,1.0,1.0,0.0,0.0,,0.0,1.0,1.0,0.0,0.0,,,,,,0
2000,Tony Meola,,Kansas City Wizards,,,,1.0,,0.0,1.0,1.0,0.0,0.0,,0.0,1.0,1.0,0.0,0.0,,,,,,0
2000,Robin Fraser,,LA Galaxy,,,1.0,0.0,,0.0,,0.0,0.0,0.0,,0.0,,0.0,0.0,0.0,,,,,,0
2000,Greg Vanney,,LA Galaxy,,,1.0,0.0,,0.0,,0.0,0.0,0.0,,0.0,,0.0,0.0,0.0,,,,,,0
2000,Peter Vermes,,Kansas City,,,1.0,0.0,,0.0,,0.0,0.0,0.0,,0.0,,0.0,0.0,0.0,,,,,,0
2000,Peter Vermes,,Kansas City Wizards,,,,,,1.0,,0.0,0.0,0.0,,0.0,,0.0,0.0,0.0,,,,,,0
2000,Chris Armas,,Chicago,,,1.0,0.0,,0.0,,0.0,0.0,0.0,,0.0,,0.0,0.0,0.0,,,,,,0
2000,Mamadou Diallo,,Tampa Bay,,,1.0,0.0,,0.0,,0.0,0.0,1.0,,0.0,0.0,1.0,0.0,0.0,,,,,,0
2000,Clint Mathis,,MetroStars,,,1.0,0.0,,0.0,,0.0,0.0,0.0,,0.0,0.0,1.0,0.0,0.0,,,,,,0
2001,Tim Howard,,MetroStars,,,1.0,0.0,,0.0,1.0,1.0,0.0,0.0,,0.0,,0.0,0.0,0.0,,,,,,0
2001,Jeff Agoos,,San Jose,,,1.0,0.0,,0.0,,0.0,0.0,0.0,,0.0,0.0,1.0,0.0,0.0,,,,,,0
2001,Jeff Agoos,,San Jose Earthquakes,,,,,,1.0,,0.0,0.0,0.0,,0.0,0.0,1.0,0.0,0.0,,,,,,0
2001,Chris Armas,,Chicago,,,1.0,0.0,,0.0,,0.0,0.0,0.0,,0.0,,0.0,0.0,0.0,,,,,,0
2001,Alex Pineda Chacón,,Miami,,,1.0,0.0,,0.0,,0.0,0.0,1.0,,0.0,1.0,1.0,0.0,0.0,,,,,,0
2001,Diego Serna,,Miami,,,1.0,0.0,,0.0,,0.0,0.0,0.0,,0.0,0.0,1.0,0.0,0.0,,,,,,0
2001,John Spencer,,Colorado,,,1.0,0.0,,0.0,,0.0,0.0,0.0,,0.0,,0.0,0.0,0.0,,,,,,0
2002,Tim Howard,,MetroStars,,,1.0,0.0,,0.0,3.0,1.0,0.0,0.0,,0.0,,0.0,0.0,0.0,,,,,,0
2002,Wade Barrett,,San Jose,,,1.0,0.0,,0.0,,0.0,0.0,0.0,,0.0,,0.0,0.0,0.0,,,,,,0
2002,Carlos Bocanegra,,Chicago,,,1.0,0.0,,0.0,,0.0,0.0,0.0,,0.0,,0.0,0.0,0.0,,,,,,0
2002,Carlos Bocanegra,,Chicago Fire,,,,,,1.0,,0.0,0.0,0.0,,0.0,,0.0,0.0,0.0,,,,,,0
2002,Alexi Lalas,,LA Galaxy,,,1.0,0.0,,0.0,,0.0,0.0,0.0,,0.0,,0.0,0.0,0.0,,,,,,0
2002,Mark Chung,,Colorado,,,1.0,0.0,,0.0,,0.0,0.0,0.0,,0.0,0.0,1.0,0.0,0.0,,,,,,0
2002,Jeff Cunningham,,Columbus,,,1.0,0.0,,0.0,,0.0,0.0,0.0,,0.0,,0.0,0.0,0.0,,,,,,0
2002,Carlos Ruiz,,LA Galaxy,,,1.0,0.0,,0.0,,0.0,1.0,0.0,,0.0,,0.0,0.0,0.0,,,,,,0
2002,Taylor Twellman,,New England,,,1.0,0.0,,0.0,,0.0,0.0,1.0,,0.0,0.0,1.0,0.0,0.0,,,,,,0
2003,Pat Onstad,,San Jose,,,1.0,0.0,,0.0,1.0,1.0,0.0,0.0,,0.0,,0.0,0.0,0.0,,,,,,0
2003,Carlos Bocanegra,,Chicago,,,1.0,0.0,,0.0,,0.0,0.0,0.0,,0.0,,0.0,0.0,0.0,,,,,,0
2003,Carlos Bocanegra,,Chicago Fire,,,,,,1.0,,0.0,0.0,0.0,,0.0,,0.0,0.0,0.0,,,,,,0
2003,Chris Armas,,Chicago,,,1.0,0.0,,0.0,,0.0,0.0,0.0,,0.0,,0.0,0.0,0.0,,,,,,0
2003,Chris Armas,,Chicago Fire,,,,1.0,,0.0,,0.0,0.0,0.0,,0.0,,0.0,0.0,0.0,,,,,,0
2003,Ante Razov,,Chicago,,,1.0,0.0,,0.0,,0.0,0.0,0.0,,0.0,0.0,1.0,0.0,0.0,,,,,,0
2003,John Spencer,,Colorado,,,1.0,0.0,,0.0,,0.0,0.0,0.0,,0.0,0.0,1.0,0.0,0.0,,,,,,0
2004,Joe Cannon,,Colorado,,,1.0,0.0,,0.0,1.0,1.0,0.0,0.0,,0.0,0.0,1.0,0.0,0.0,,,,,,0
2004,Jimmy Conrad,,Kansas City,,,1.0,0.0,,0.0,,0.0,0.0,0.0,,0.0,,0.0,0.0,0.0,,,,,,0
2004,Robin Fraser,,Columbus,,,1.0,0.0,,0.0,,0.0,0.0,0.0,,0.0,,0.0,0.0,0.0,,,,,,0
2004,Robin Fraser,,Columbus Crew,,,,,Jimmy Conrad Eddie Pope,1.0,,0.0,0.0,0.0,,0.0,,0.0,0.0,0.0,,,,,,0
2004,Eddie Gaven,,MetroStars,,,1.0,0.0,,0.0,,0.0,0.0,0.0,,0.0,,0.0,0.0,0.0,,,,,,0
2004,Amado Guevara,,MetroStars,,,1.0,0.0,,0.0,,0.0,0.0,1.0,,0.0,1.0,1.0,0.0,0.0,,,,,,0
2004,Ronnie O'Brien,,Dallas,,,1.0,0.0,,0.0,,0.0,0.0,0.0,,0.0,,0.0,0.0,0.0,,,,,,0
2004,Kerry Zavagnin,,Kansas City,,,1.0,0.0,,0.0,,0.0,0.0,0.0,,0.0,,0.0,0.0,0.0,,,,,,0
2004,Brian Ching,,San Jose,,,1.0,0.0,,0.0,,0.0,0.0,0.0,,0.0,,0.0,0.0,0.0,,,,,,0
2004,Brian Ching,,San Jose Earthquakes,,,,1.0,,0.0,,0.0,0.0,0.0,,0.0,,0.0,0.0,0.0,,,,,,0
2004,Jaime Moreno,,D.C. United,,,1.0,0.0,,0.0,,0.0,0.0,0.0,,0.0,0.0,1.0,0.0,0.0,,,,,,0
2005,Pat Onstad,,San Jose,,,1.0,0.0,,0.0,1.0,1.0,0.0,0.0,,0.0,,0.0,0.0,0.0,,,,,,0
2005,Chris Albright,,LA Galaxy,,,1.0,0.0,,0.0,,0.0,0.0,0.0,,0.0,,0.0,0.0,0.0,,,,,,0
2005,Danny Califf,,San Jose,,,1.0,0.0,,0.0,,0.0,0.0,0.0,,0.0,,0.0,0.0,0.0,,,,,,0
2005,Jimmy Conrad,,Kansas City,,,1.0,0.0,,0.0,,0.0,0.0,0.0,,0.0,,0.0,0.0,0.0,,,,,,0
2005,Jimmy Conrad,,Kansas City Wizards,,,,,Danny Califf Tyrone Marshall,1.0,,0.0,0.0,0.0,,0.0,,0.0,0.0,0.0,,,,,,0
2005,Clint Dempsey,,New England,,,1.0,0.0,,0.0,,0.0,0.0,0.0,1.0,1.0,,0.0,0.0,0.0,,,,,,0
2005,Dwayne De Rosario,,San Jose,,,1.0,0.0,,0.0,,0.0,0.0,0.0,1.0,1.0,0.0,1.0,0.0,0.0,,,,,,0
2005,Dwayne De Rosario,,San Jose Earthquakes,,,,,,,,,1.0,0.0,1.0,1.0,0.0,1.0,0.0,0.0,,,,,,0
2005,Christian Gómez,,D.C. United,,,1.0,0.0,,0.0,,0.0,0.0,0.0,,0.0,,0.0,0.0,0.0,,,,,,0
2005,Shalrie Joseph,,New England,,,1.0,0.0,,0.0,,0.0,0.0,0.0,,0.0,,0.0,0.0,0.0,,,,,,0
2005,Ronnie O'Brien,,Dallas,,,1.0,0.0,,0.0,,0.0,0.0,0.0,,0.0,,0.0,0.0,0.0,,,,,,0
2005,Jaime Moreno,,D.C. United,,,1.0,0.0,,0.0,,0.0,0.0,0.0,,0.0,0.0,1.0,0.0,0.0,,,,,,0
2006,Troy Perkins,,D.C. United,,,1.0,0.0,,0.0,1.0,1.0,0.0,0.0,,0.0,,0.0,0.0,0.0,,,,,,0
2006,Bobby Boswell,,D.C. United,,,1.0,0.0,Jimmy Conrad Jose Burciaga,1.0,,0.0,0.0,0.0,,0.0,,0.0,0.0,0.0,,,,,,0
2006,José Burciaga Jr.,,Kansas City,,,1.0,0.0,,0.0,,0.0,0.0,0.0,,0.0,,0.0,0.0,0.0,,,,,,0
2006,Jimmy Conrad,,Kansas City,,,1.0,0.0,,0.0,,0.0,0.0,0.0,,0.0,,0.0,0.0,0.0,,,,,,0
2006,Ricardo Clark,,Houston,,,1.0,0.0,,0.0,,0.0,0.0,0.0,,0.0,,0.0,0.0,0.0,,,,,,0
2006,Clint Dempsey,,New England,,,1.0,0.0,,0.0,,0.0,0.0,0.0,,0.0,,0.0,0.0,0.0,,,,,,0
2006,Justin Mapp,,Chicago,,,1.0,0.0,,0.0,,0.0,0.0,0.0,,0.0,,0.0,0.0,0.0,,,,,,0
2006,Jeff Cunningham,,Salt Lake,,,1.0,0.0,,0.0,,0.0,0.0,1.0,1.0,1.0,0.0,1.0,0.0,0.0,,,,,,0
2007,Brad Guzan,,Chivas USA,,,1.0,0.0,,0.0,1.0,1.0,0.0,0.0,,0.0,,0.0,0.0,0.0,,,,,,0
2007,Jonathan Bornstein,,Chivas USA,,,1.0,0.0,,0.0,,0.0,0.0,0.0,,0.0,,0.0,0.0,0.0,,,,,,0
2007,Michael Parkhurst,,New England,,,1.0,0.0,,0.0,,0.0,0.0,0.0,,0.0,,0.0,0.0,0.0,,,,,,0
2007,Michael Parkhurst,,New England Revolution,,,,,,1.0,,0.0,0.0,0.0,,0.0,,0.0,0.0,0.0,,,,,,0
2007,Eddie Robinson,,Houston,,,1.0,0.0,,0.0,,0.0,0.0,0.0,,0.0,,0.0,0.0,0.0,,,,,,0
2007,Guillermo Barros Schelotto,,Columbus,,,1.0,0.0,,0.0,,0.0,0.0,0.0,1.0,1.0,,0.0,0.0,0.0,,,,,,0
2007,Dwayne De Rosario,,Houston,,,1.0,0.0,,0.0,,0.0,0.0,0.0,,0.0,,0.0,0.0,0.0,,,,,,0
2007,Ben Olsen,,D.C. United,,,1.0,0.0,,0.0,,0.0,0.0,0.0,,0.0,,0.0,0.0,0.0,,,,,,0
2007,Juan Pablo Angel,,Red Bulls,,,1.0,0.0,,0.0,,0.0,0.0,0.0,2.0,1.0,,0.0,0.0,0.0,,,,,,0
2007,Luciano Emílio,,D.C. United,,,1.0,0.0,,0.0,,0.0,0.0,0.0,,0.0,,0.0,0.0,0.0,,,,,,0
2008,Jon Busch,,Chicago,,,1.0,0.0,,0.0,1.0,1.0,0.0,0.0,,0.0,,0.0,0.0,0.0,,,,,,0
2008,Jimmy Conrad,,Kansas City,,,1.0,0.0,,0.0,,0.0,0.0,0.0,,0.0,,0.0,0.0,0.0,,,,,,0
2008,Chad Marshall,,Columbus,,,1.0,0.0,,0.0,,0.0,0.0,0.0,,0.0,,0.0,0.0,0.0,,,,,,0
2008,Chad Marshall,,Columbus Crew,,,,,Jimmy Conrad Bakary Soumare,1.0,,0.0,0.0,0.0,,0.0,,0.0,0.0,0.0,,,,,,0
2008,Bakary Soumaré,,Chicago,,,1.0,0.0,,0.0,,0.0,0.0,0.0,,0.0,,0.0,0.0,0.0,,,,,,0
2008,Cuauhtémoc Blanco,,Chicago,,,1.0,0.0,,0.0,,0.0,0.0,0.0,1.0,1.0,0.0,1.0,0.0,0.0,,,,,,0
2008,Shalrie Joseph,,New England,,,1.0,0.0,,0.0,,0.0,0.0,0.0,,0.0,,0.0,0.0,0.0,,,,,,0
2008,Kenny Cooper,,Dallas,,,1.0,0.0,,0.0,,0.0,0.0,0.0,,0.0,,0.0,0.0,0.0,,,,,,0
2008,Kenny Cooper,,FC Dallas,,,,1.0,,0.0,,0.0,0.0,0.0,,0.0,,0.0,0.0,0.0,,,,,,0
2008,Landon Donovan,,LA Galaxy,,,1.0,0.0,,0.0,,0.0,0.0,1.0,1.0,1.0,0.0,1.0,0.0,0.0,,,,,,0
2009,Zach Thornton,,Chivas USA,,,1.0,1.0,,0.0,1.0,1.0,0.0,0.0,,0.0,,0.0,0.0,0.0,,,,,,0
2009,Geoff Cameron,,Houston,,,1.0,0.0,,0.0,,0.0,0.0,0.0,,0.0,,0.0,0.0,0.0,,,,,,0
2009,Wilman Conde,,Chicago,,,1.0,0.0,,0.0,,0.0,0.0,0.0,,0.0,,0.0,0.0,0.0,,,,,,0
2009,Chad Marshall,,Columbus,,,1.0,0.0,,0.0,,0.0,0.0,0.0,1.0,1.0,,0.0,0.0,0.0,,,,,,0
2009,Chad Marshall,,Columbus Crew,,,,,,1.0,,0.0,0.0,0.0,1.0,1.0,,0.0,0.0,0.0,,,,,,0
2009,Dwayne De Rosario,,Toronto,,,1.0,0.0,,0.0,,0.0,0.0,0.0,,0.0,,0.0,0.0,0.0,,,,,,0
2009,Freddie Ljungberg,,Seattle,,,1.0,0.0,,0.0,,0.0,0.0,0.0,1.0,1.0,,0.0,0.0,0.0,,,,,,0
2009,Conor Casey,,Colorado,,,1.0,0.0,,0.0,,0.0,0.0,0.0,1.0,1.0,,0.0,0.0,0.0,,,,,,0
2009,Jeff Cunningham,,Dallas,,,1.0,0.0,,0.0,,0.0,0.0,1.0,1.0,1.0,0.0,1.0,0.0,0.0,,,,,,0
2010,Donovan Ricketts,,LA Galaxy,,,1.0,0.0,,0.0,1.0,1.0,0.0,0.0,,0.0,,0.0,0.0,0.0,,,,,,0
2010,Nat Borchers,,Salt Lake,,,1.0,0.0,,0.0,,0.0,0.0,0.0,,0.0,,0.0,0.0,0.0,,,,,,0
2010,Omar Gonzalez,,LA Galaxy,,,1.0,0.0,,0.0,,0.0,0.0,0.0,,0.0,,0.0,0.0,0.0,,,,,,0
2010,Jámison Olave,,Salt Lake,,,1.0,0.0,,0.0,,0.0,0.0,0.0,,0.0,,0.0,0.0,0.0,,,,,,0
2010,Jámison Olave,,Real Salt Lake,,,,,Omar Gonzalez Nat Borchers,1.0,,0.0,0.0,0.0,,0.0,,0.0,0.0,0.0,,,,,,0
2010,Dwayne De Rosario,,Toronto,,,1.0,0.0,,0.0,,0.0,0.0,0.0,,0.0,,0.0,0.0,0.0,,,,,,0
2010,David Ferreira,,Dallas,,,1.0,0.0,,0.0,,0.0,0.0,0.0,,0.0,1.0,1.0,0.0,0.0,,,,,,0
2010,Sébastien Le Toux,,Philadelphia,,,1.0,0.0,,0.0,,0.0,0.0,0.0,,0.0,,0.0,0.0,0.0,,,,,,0
2010,Javier Morales,,Salt Lake,,,1.0,0.0,,0.0,,0.0,0.0,0.0,,0.0,,0.0,0.0,0.0,,,,,,0
2010,Edson Buddle,,LA Galaxy,,,1.0,0.0,,0.0,,0.0,0.0,0.0,1.0,1.0,0.0,1.0,0.0,0.0,,,,,,0
2010,Chris Wondolowski,,San Jose,,,1.0,0.0,,0.0,,0.0,0.0,1.0,1.0,1.0,0.0,1.0,0.0,0.0,,,,,,0
2011,Kasey Keller,,Seattle,,,1.0,0.0,,0.0,1.0,1.0,0.0,0.0,,0.0,,0.0,0.0,0.0,,,,,,0
2011,Todd Dunivant,,LA Galaxy,,,1.0,0.0,,0.0,,0.0,0.0,0.0,,0.0,,0.0,0.0,0.0,,,,,,0
2011,Omar Gonzalez,,LA Galaxy,,,1.0,0.0,,0.0,,0.0,0.0,0.0,,0.0,,0.0,0.0,0.0,,,,,,0
2011,Omar Gonzalez,,Los Angeles Galaxy,,,,,Jámison Olave Nat Borchers Carlos Valdés,1.0,,0.0,0.0,0.0,,0.0,,0.0,0.0,0.0,,,,,,0
2011,David Beckham,,LA Galaxy,,,1.0,0.0,,0.0,,0.0,0.0,0.0,,0.0,,0.0,0.0,0.0,,,,,,0
2011,David Beckham,,Los Angeles Galaxy,,,,1.0,,0.0,,0.0,0.0,0.0,,0.0,,0.0,0.0,0.0,,,,,,0
2011,Brad Davis,,Houston,,,1.0,0.0,,0.0,,0.0,0.0,0.0,1.0,1.0,0.0,1.0,0.0,0.0,,,,,,0
2011,Dwayne De Rosario,,D.C. United,,,1.0,0.0,,0.0,,0.0,0.0,1.0,1.0,1.0,1.0,1.0,0.0,0.0,,,,,,0
2011,Brek Shea,,Dallas,,,1.0,0.0,,0.0,,0.0,0.0,0.0,,0.0,0.0,1.0,0.0,0.0,,,,,,0
2011,Thierry Henry,,Red Bulls,,,1.0,0.0,,0.0,,0.0,0.0,0.0,,0.0,,0.0,0.0,0.0,,,,,,0
2012,Jimmy Nielsen,,Sporting KC,,,1.0,0.0,,0.0,1.0,1.0,0.0,0.0,,0.0,,0.0,0.0,0.0,,,,,,0
2012,Víctor Bernárdez,,San Jose,,,1.0,0.0,,0.0,,0.0,0.0,0.0,,0.0,,0.0,0.0,0.0,,,,,,0
2012,Matt Besler,,Sporting KC,,,1.0,0.0,,0.0,,0.0,0.0,0.0,,0.0,,0.0,0.0,0.0,,,,,,0
2012,Matt Besler,,Sporting Kansas City,,,,,Víctor Bernárdez Aurélien Collin Jay DeMerit,1.0,,0.0,0.0,0.0,,0.0,,0.0,0.0,0.0,,,,,,0
2012,Aurélien Collin,,Sporting KC,,,1.0,0.0,,0.0,,0.0,0.0,0.0,,0.0,,0.0,0.0,0.0,,,,,,0
2012,Osvaldo Alonso,,Seattle,,,1.0,0.0,,0.0,,0.0,0.0,0.0,,0.0,,0.0,0.0,0.0,,,,,,0
2012,Landon Donovan,,LA Galaxy,,,1.0,0.0,,0.0,,0.0,0.0,0.0,,0.0,,0.0,0.0,0.0,,,,,,0
2012,Chris Pontius,,D.C. United,,,1.0,0.0,,0.0,,0.0,0.0,0.0,,0.0,,0.0,1.0,0.0,,,,,,0
2012,Graham Zusi,,Sporting KC,,,1.0,0.0,,0.0,,0.0,0.0,0.0,,0.0,0.0,1.0,0.0,0.0,,,,,,0
2012,Thierry Henry,,Red Bulls,,,1.0,0.0,,0.0,,0.0,0.0,0.0,1.0,1.0,0.0,1.0,0.0,0.0,,,,,,0
2013,Donovan Ricketts,,Portland,,,1.0,0.0,,0.0,1.0,1.0,0.0,0.0,,0.0,,0.0,0.0,0.0,,,,,,0
2013,Matt Besler,,Sporting KC,,,1.0,0.0,,0.0,,0.0,0.0,0.0,,0.0,,0.0,0.0,0.0,,,,,,0
2013,Tim Cahill,,Red Bulls,,,1.0,0.0,,0.0,,0.0,0.0,0.0,,0.0,,0.0,0.0,0.0,,,,,,0
2013,Will Johnson,,Portland,,,1.0,0.0,,0.0,,0.0,0.0,0.0,,0.0,,0.0,0.0,0.0,,,,,,0
2013,Diego Valeri,,Portland,,,1.0,0.0,,0.0,,0.0,0.0,0.0,,0.0,,0.0,0.0,0.0,,,,,,0
2013,Marco Di Vaio,,Montreal,,,1.0,0.0,,0.0,,0.0,0.0,0.0,,0.0,0.0,1.0,0.0,0.0,,,,,,0
2013,Robbie Keane,,LA Galaxy,,,1.0,0.0,,0.0,,0.0,0.0,0.0,1.0,1.0,0.0,1.0,0.0,0.0,,,,,,0
2013,Mike Magee,,Chicago,,,1.0,0.0,,0.0,,0.0,0.0,0.0,2.0,1.0,1.0,1.0,0.0,0.0,,,,,,0
2014,Bill Hamid,,D.C. United,,,1.0,0.0,,0.0,1.0,1.0,0.0,0.0,,0.0,,0.0,0.0,0.0,,,,,,0
2014,Bobby Boswell,,D.C. United,,,1.0,0.0,,0.0,,0.0,0.0,0.0,,0.0,,0.0,0.0,0.0,,,,,,0
2014,Landon Donovan,,LA Galaxy,,,1.0,0.0,,0.0,,0.0,0.0,0.0,1.0,1.0,,0.0,1.0,0.0,,,,,,0
2014,Obafemi Martins,,Seattle,,,1.0,0.0,,0.0,,0.0,0.0,0.0,1.0,1.0,0.0,1.0,0.0,0.0,,,,,,0
2014,Obafemi Martins,,Seattle Sounders FC,,,,,,,,,1.0,0.0,1.0,1.0,0.0,1.0,0.0,0.0,,,,,,0
2014,Bradley Wright-Phillips,,Red Bulls,,,1.0,0.0,,0.0,,0.0,0.0,1.0,,0.0,,0.0,0.0,0.0,,,,,,0
2015,Luis Robles,,Red Bulls,,,1.0,0.0,,0.0,1.0,1.0,0.0,0.0,,0.0,,0.0,0.0,0.0,,,,,,0
2015,Laurent Ciman,,Montreal,,,1.0,0.0,,0.0,,0.0,0.0,0.0,,0.0,,0.0,0.0,0.0,,,,,,0
2015,Matt Hedges,,Dallas,,,1.0,0.0,,0.0,,0.0,0.0,0.0,,0.0,,0.0,0.0,0.0,,,,,,0
2015,Kendall Waston,,Vancouver,,,1.0,0.0,,0.0,,0.0,0.0,0.0,,0.0,,0.0,0.0,0.0,,,,,,0
2015,Fabián Castillo,,Dallas,,,1.0,0.0,,0.0,,0.0,0.0,0.0,,0.0,,0.0,0.0,0.0,,,,,,0
2015,Benny Feilhaber,,Sporting KC,,,1.0,0.0,,0.0,,0.0,0.0,0.0,1.0,1.0,0.0,1.0,0.0,0.0,,,,,,0
2015,Ethan Finlay,,Columbus,,,1.0,0.0,,0.0,,0.0,0.0,0.0,,0.0,,0.0,0.0,0.0,,,,,,0
2015,Dax McCarty,,Red Bulls,,,1.0,0.0,,0.0,,0.0,0.0,0.0,,0.0,,0.0,0.0,0.0,,,,,,0
2015,Sebastian Giovinco,,Toronto,,,1.0,0.0,,0.0,,0.0,0.0,1.0,2.0,1.0,1.0,1.0,0.0,0.0,,,,,,0
2015,Kei Kamara,,Columbus,,,1.0,0.0,,0.0,,0.0,0.0,0.0,,0.0,0.0,1.0,0.0,0.0,,,,,,0
2016,Andre Blake,,Philadelphia,,,1.0,0.0,,0.0,1.0,1.0,0.0,0.0,,0.0,,0.0,0.0,0.0,,,,,,0
2016,Matt Hedges,,Dallas,,,1.0,0.0,,0.0,,0.0,0.0,0.0,,0.0,,0.0,0.0,0.0,,,,,,0
2016,Axel Sjöberg,,Colorado,,,1.0,0.0,,0.0,,0.0,0.0,0.0,,0.0,,0.0,0.0,0.0,,,,,,0
2016,Jelle Van Damme,,LA Galaxy,,,1.0,0.0,,0.0,,0.0,0.0,0.0,,0.0,,0.0,0.0,0.0,,,,,,0
2016,Mauro Díaz,,Dallas,,,1.0,0.0,,0.0,,0.0,0.0,0.0,,0.0,,0.0,0.0,0.0,,,,,,0
2016,Giovani dos Santos,,LA Galaxy,,,1.0,0.0,,0.0,,0.0,0.0,0.0,,0.0,,0.0,0.0,0.0,,,,,,0
2016,Sacha Kljestan,,Red Bulls,,,1.0,0.0,,0.0,,0.0,0.0,0.0,,0.0,0.0,1.0,0.0,0.0,,,,,,0
2016,Ignacio Piatti,,Montreal,,,1.0,0.0,,0.0,,0.0,0.0,0.0,,0.0,,0.0,0.0,0.0,,,,,,0
2017,Tim Melia,,Sporting KC,,,1.0,0.0,,0.0,1.0,1.0,0.0,0.0,,0.0,,0.0,0.0,0.0,,,,,,0
2017,Justin Morrow,,Toronto,,,1.0,0.0,,0.0,,0.0,0.0,0.0,,0.0,,0.0,0.0,0.0,,,,,,0
2017,Ike Opara,,Sporting KC,,,1.0,0.0,,0.0,,0.0,0.0,0.0,,0.0,,0.0,0.0,0.0,,,,,,0
2017,Kendall Waston,,Vancouver,,,1.0,0.0,,0.0,,0.0,0.0,0.0,,0.0,,0.0,0.0,0.0,,,,,,0
2017,Miguel Almirón,,Atlanta,,,1.0,0.0,,0.0,,0.0,0.0,0.0,,0.0,,0.0,0.0,0.0,,,,,,0
2017,Sebastian Giovinco,,Toronto,,,1.0,0.0,,0.0,,0.0,0.0,0.0,,0.0,,0.0,0.0,0.0,,,,,,0
2017,Víctor Vázquez,,Toronto,,,1.0,0.0,,0.0,,0.0,0.0,0.0,,0.0,,0.0,0.0,0.0,,,,,,0
2017,Josef Martínez,,Atlanta,,,1.0,0.0,,0.0,,0.0,0.0,0.0,2.0,1.0,,0.0,0.0,0.0,,,,,,0
2017,Nemanja Nikolić,,Chicago,,,1.0,0.0,,0.0,,0.0,0.0,1.0,1.0,1.0,0.0,1.0,0.0,0.0,,,,,,0
2018,Zack Steffen,,Columbus,,,1.0,0.0,,0.0,1.0,1.0,0.0,0.0,1.0,1.0,,0.0,0.0,0.0,,,,,,0
2018,Kemar Lawrence,,Red Bulls,,,1.0,0.0,,0.0,,0.0,0.0,0.0,,0.0,,0.0,0.0,0.0,,,,,,0
2018,Aaron Long,,Red Bulls,,,1.0,0.0,,0.0,,0.0,0.0,0.0,,0.0,,0.0,0.0,0.0,,,,,,0
2018,Chad Marshall,,Seattle,,,1.0,0.0,,0.0,,0.0,0.0,0.0,,0.0,,0.0,0.0,0.0,,,,,,0
2018,Luciano Acosta,,D.C. United,,,1.0,0.0,,0.0,,0.0,0.0,0.0,1.0,1.0,,0.0,0.0,0.0,,,,,,0
2018,Miguel Almirón,,Atlanta,,,1.0,0.0,,0.0,,0.0,0.0,0.0,1.0,1.0,0.0,1.0,0.0,0.0,,,,,,0
2018,Carlos Vela,,LAFC,,,1.0,0.0,,0.0,,0.0,0.0,0.0,,0.0,,0.0,0.0,0.0,,,,,,0
2018,Zlatan Ibrahimović,,LA Galaxy,,,1.0,0.0,,0.0,,0.0,1.0,0.0,,0.0,0.0,1.0,0.0,1.0,,,,,,0
2018,Josef Martínez,,Atlanta,,,1.0,0.0,,0.0,,0.0,0.0,1.0,2.0,1.0,1.0,1.0,0.0,0.0,,,,,,0
2018,Wayne Rooney,,D.C. United,,,1.0,0.0,,0.0,,0.0,0.0,0.0,1.0,1.0,,0.0,0.0,0.0,,,,,,0
2019,Vito Mannone,,Minnesota,,,1.0,0.0,,0.0,1.0,1.0,0.0,0.0,,0.0,,0.0,0.0,0.0,,,,,,0
2019,Ike Opara,,Minnesota,,,1.0,0.0,,0.0,,0.0,0.0,0.0,,0.0,,0.0,0.0,0.0,,,,,,0
2019,Miles Robinson,,Atlanta,,,1.0,0.0,,0.0,,0.0,0.0,0.0,,0.0,,0.0,0.0,0.0,,,,,,0
2019,Walker Zimmerman,,LAFC,,,1.0,0.0,,0.0,,0.0,0.0,0.0,,0.0,,0.0,0.0,0.0,,,,,,0
2019,Eduard Atuesta,,LAFC,,,1.0,0.0,,0.0,,0.0,0.0,0.0,,0.0,,0.0,0.0,0.0,,,,,,0
2019,Carles Gil,,New England,,,1.0,0.0,,0.0,,0.0,0.0,0.0,,0.0,,0.0,0.0,0.0,,,,,,0
2019,Maximiliano Moralez,,New York City,,,1.0,0.0,,0.0,,0.0,0.0,0.0,1.0,1.0,,0.0,0.0,0.0,,,,,,0
2019,Alejandro Pozuelo,,Toronto,,,1.0,0.0,,0.0,,0.0,0.0,0.0,,0.0,,0.0,0.0,0.0,,,,,,0
2020,Andre Blake,,Philadelphia,,,1.0,0.0,,0.0,1.0,1.0,0.0,0.0,,0.0,0.0,1.0,0.0,0.0,,,,,,0
2020,Mark McKenzie,,Philadelphia,,,1.0,0.0,,0.0,,0.0,0.0,0.0,,0.0,,0.0,0.0,0.0,,,,,,0
2020,Jonathan Mensah,,Columbus,,,1.0,0.0,,0.0,,0.0,0.0,0.0,,0.0,,0.0,0.0,0.0,,,,,,0
2020,Walker Zimmerman,,Nashville,,,1.0,0.0,,0.0,,0.0,0.0,0.0,,0.0,,0.0,0.0,0.0,,,,,,0
2020,Brenden Aaronson,,Philadelphia,,,1.0,0.0,,0.0,,0.0,0.0,0.0,,0.0,,0.0,0.0,0.0,,,,,,0
2020,Diego Chará,,Portland,,,1.0,0.0,,0.0,,0.0,0.0,0.0,,0.0,,0.0,0.0,0.0,,,,,,0
2020,Nicolás Lodeiro,,Seattle,,,1.0,0.0,,0.0,,0.0,0.0,0.0,,0.0,0.0,1.0,0.0,0.0,,,,,,0
2020,Alejandro Pozuelo,,Toronto,,,1.0,0.0,,0.0,,0.0,0.0,0.0,1.0,1.0,1.0,1.0,0.0,0.0,,,,,,0
2020,Jordan Morris,,Seattle,,,1.0,0.0,,0.0,,0.0,0.0,0.0,,0.0,0.0,1.0,0.0,0.0,,,,,,0
2020,Diego Rossi,,LAFC,,,1.0,0.0,,0.0,,0.0,0.0,1.0,,0.0,0.0,1.0,0.0,0.0,,,,,,0
2020,Raúl Ruidíaz,,Seattle,,,1.0,0.0,,0.0,,0.0,0.0,0.0,,0.0,,0.0,0.0,0.0,,,,,,0
2021,Matt Turner,,New England,,,1.0,0.0,,0.0,1.0,1.0,0.0,0.0,,0.0,,0.0,0.0,0.0,,,,,,0
2021,Yeimar Gómez,,Seattle,,,1.0,0.0,,0.0,,0.0,0.0,0.0,,0.0,,0.0,0.0,0.0,,,,,,0
2021,Miles Robinson,,Atlanta,,,1.0,0.0,,0.0,,0.0,0.0,0.0,,0.0,,0.0,0.0,0.0,,,,,,0
2021,Tajon Buchanan,,New England,,,1.0,0.0,,0.0,,0.0,0.0,0.0,,0.0,,0.0,0.0,0.0,,,,,,0
2021,Carles Gil,,New England,,,1.0,0.0,,0.0,,0.0,0.0,0.0,1.0,1.0,1.0,1.0,0.0,0.0,,,,,,0
2021,Carles Gil,,New England Revolution,,,,1.0,,0.0,,0.0,0.0,0.0,1.0,1.0,1.0,1.0,0.0,0.0,,,,,,0
2021,Hany Mukhtar,,Nashville,,,1.0,0.0,,0.0,,0.0,0.0,0.0,,0.0,0.0,1.0,0.0,0.0,,,,,,0
2021,João Paulo,,Seattle,,,1.0,0.0,,0.0,,0.0,0.0,0.0,,0.0,0.0,1.0,0.0,0.0,,,,,,0
2021,Gustavo Bou,,New England,,,1.0,0.0,,0.0,,0.0,0.0,0.0,1.0,1.0,,0.0,0.0,0.0,,,,,,0
2021,Taty Castellanos,,New York City,,,1.0,0.0,,0.0,,0.0,0.0,1.0,1.0,1.0,,0.0,0.0,0.0,,,,,,0
2021,Raúl Ruidíaz,,Seattle,,,1.0,0.0,,0.0,,0.0,0.0,0.0,,0.0,,0.0,0.0,0.0,,,,,,0
2022,Andre Blake,,Philadelphia,,,1.0,0.0,,0.0,1.0,1.0,0.0,0.0,,0.0,0.0,1.0,0.0,0.0,,,,,,0
2022,Jakob Glesnes,,Philadelphia,,,1.0,0.0,,0.0,,0.0,0.0,0.0,,0.0,,0.0,0.0,0.0,,,,,,0
2022,Kai Wagner,,Philadelphia,,,1.0,0.0,,0.0,,0.0,0.0,0.0,,0.0,,0.0,0.0,0.0,,,,,,0
2022,Walker Zimmerman,,Nashville,,,1.0,0.0,,0.0,,0.0,0.0,0.0,,0.0,,0.0,0.0,0.0,,,,,,0
2022,Luciano Acosta,,Cincinnati,,,1.0,0.0,,0.0,,0.0,0.0,0.0,1.0,1.0,,0.0,0.0,0.0,,,,,,0
2022,Brandon Vázquez,,Cincinnati,,,1.0,0.0,,0.0,,0.0,0.0,0.0,,0.0,,0.0,0.0,0.0,,,,,,0
2001,Troy Dayak,,San Jose Earthquakes,,,,1.0,,0.0,,0.0,0.0,0.0,,0.0,,0.0,0.0,0.0,,,,,,0
2002,Chris Klein,,Kansas City Wizards,,,,1.0,,0.0,,0.0,0.0,0.0,,0.0,,0.0,0.0,0.0,,,,,,0
2005,Chris Klein,,Kansas City Wizards,,,,1.0,,0.0,,0.0,0.0,0.0,,0.0,,0.0,0.0,0.0,,,,,,0
2006,Richard Mulrooney,,FC Dallas,,,,1.0,,0.0,,0.0,0.0,0.0,,0.0,,0.0,0.0,0.0,,,,,,0
2007,Eddie Johnson,,Kansas City Wizards,,,,1.0,,0.0,,0.0,0.0,0.0,1.0,1.0,,0.0,0.0,0.0,,,,,,0
2010,Bobby Convey,,San Jose Earthquakes,,,,1.0,,0.0,,0.0,0.0,0.0,,0.0,,0.0,0.0,0.0,,,,,,0
2012,Eddie Johnson,,Seattle Sounders FC,,,,1.0,,0.0,,0.0,0.0,0.0,,0.0,,0.0,0.0,0.0,,,,,,0
2013,Kevin Alston,,New England Revolution,,,,1.0,,0.0,,0.0,0.0,0.0,,0.0,,0.0,0.0,0.0,,,,,,0
2014,Rodney Wallace,,Portland Timbers,,,,1.0,,0.0,,0.0,0.0,0.0,,0.0,,0.0,0.0,0.0,,,,,,0
2015,Tim Melia,,Sporting Kansas City,,,,1.0,,0.0,,0.0,0.0,0.0,,0.0,,0.0,0.0,0.0,,,,,,0
2016,Chris Pontius,,Philadelphia Union,,,,1.0,,0.0,,0.0,0.0,0.0,,0.0,,0.0,0.0,0.0,,,,,,0
2017,Clint Dempsey,,Seattle Sounders FC,,,,1.0,,0.0,,0.0,0.0,0.0,,0.0,,0.0,0.0,0.0,,,,,,0
2018,Gyasi Zardes,,Columbus Crew,,,,1.0,,0.0,,0.0,0.0,0.0,,0.0,,0.0,0.0,0.0,,,,,,0
2019,Jordan Morris,,Seattle Sounders FC,,,,1.0,,0.0,,0.0,0.0,0.0,,0.0,,0.0,0.0,0.0,,,,,,0
2020,Bradley Wright-Phillips,,Los Angeles FC,,,,1.0,,0.0,,0.0,0.0,0.0,,0.0,,0.0,0.0,0.0,,,,,,0
2022,Gonzalo Higuaín,,Inter Miami CF,,,,1.0,,0.0,,0.0,0.0,0.0,,0.0,,0.0,0.0,0.0,,,,,,0
1998,Luboš Kubík,,Chicago Fire,,,,,,1.0,,0.0,0.0,0.0,,0.0,,0.0,0.0,0.0,,,,,,0
1999,Robin Fraser,,Los Angeles Galaxy,,,,,,1.0,,0.0,0.0,0.0,,0.0,,0.0,0.0,0.0,,,,,,0
2013,José Gonçalves,,New England Revolution,,,,,Matt Besler Omar Gonzalez Jámison Olave,1.0,,0.0,0.0,0.0,,0.0,,0.0,0.0,0.0,,,,,,0
2014,Chad Marshall,,Seattle Sounders FC,,,,,Bobby Boswell Omar Gonzalez Michael Parkhurst,1.0,,0.0,0.0,0.0,,0.0,,0.0,0.0,0.0,,,,,,0
2015,Laurent Ciman[1],,Montreal Impact,,,,,Kendall Waston Matt Hedges Matt Miazga,1.0,,0.0,0.0,0.0,,0.0,,0.0,0.0,0.0,,,,,,0
2016,Matt Hedges[2],,FC Dallas,,,,,Jelle Van Damme Axel Sjöberg Walker Zimmerman Steve Birnbaum,1.0,,0.0,0.0,0.0,,0.0,,0.0,0.0,0.0,,,,,,0
2017,Ike Opara[8],,Sporting Kansas City,,,,,Justin Morrow Kendall Waston Leandro González Pírez Matt Besler,1.0,,0.0,0.0,0.0,,0.0,,0.0,0.0,0.0,,,,,,0
2018,Aaron Long[9],,New York Red Bulls,,,,,Chad Marshall Michael Parkhurst Leandro González Pírez Kemar Lawrence,1.0,,0.0,0.0,0.0,,0.0,,0.0,0.0,0.0,,,,,,0
2019,Ike Opara[10],,Minnesota United FC,,,,,Walker Zimmerman Miles Robinson Maxime Chanot Eddie Segura Aaron Long,1.0,,0.0,0.0,0.0,,0.0,,0.0,0.0,0.0,,,,,,0
2020,Walker Zimmerman[11],,Nashville SC,,,,,Mark McKenzie Jonathan Mensah Anton Tinnerholm Chris Mavinga Richie Laryea,1.0,,0.0,0.0,0.0,,0.0,,0.0,0.0,0.0,,,,,,0
2021,Walker Zimmerman[12],,Nashville SC,,,,,Yeimar Gómez Andrade Miles Robinson Andreu Fontàs DeJuan Jones,1.0,,0.0,0.0,0.0,,0.0,,0.0,0.0,0.0,,,,,,0
2022,Jakob Glesnes[13],,Philadelphia Union,,,,,Kai Wagner Alexander Callens,1.0,,0.0,0.0,0.0,,0.0,,0.0,0.0,0.0,,,,,,0
1996,Jorge Campos,,,,,,,,,2.0,1.0,0.0,0.0,,0.0,,0.0,0.0,0.0,,,,,,0
1996,Dave Salzwedel,,,,,,,,,3.0,1.0,0.0,0.0,,0.0,,0.0,0.0,0.0,,,,,,0
1996,Mark Dougherty,,,,,,,,,4.0,1.0,0.0,0.0,,0.0,,0.0,0.0,0.0,,,,,,0
1997,Walter Zenga,,,,,,,,,2.0,1.0,0.0,0.0,,0.0,,0.0,0.0,0.0,,,,,,0
1997,Tony Meola,,,,,,,,,3.0,1.0,0.0,0.0,,0.0,,0.0,0.0,0.0,,,,,,0
1997,Mike Ammann,,,,,,,,,4.0,1.0,0.0,0.0,,0.0,,0.0,0.0,0.0,,,,,,0
1998,Kevin Hartman,,,,,,,,,2.0,1.0,0.0,0.0,,0.0,,0.0,0.0,0.0,,,,,,0
1998,David Kramer,,,,,,,,,3.0,1.0,0.0,0.0,,0.0,,0.0,0.0,0.0,,,,,,0
1998,Ian Feuer,,,,,,,,,4.0,1.0,0.0,0.0,,0.0,,0.0,0.0,0.0,,,,,,0
1999,Zach Thornton,,,,,,,,,2.0,1.0,0.0,0.0,,0.0,,0.0,0.0,0.0,,,,,,0
1999,Matt Jordan,,,,,,,,,3.0,1.0,0.0,0.0,,0.0,,0.0,0.0,0.0,,,,,,0
1999,Tom Presthus,,,,,,,,,4.0,1.0,0.0,0.0,,0.0,,0.0,0.0,0.0,,,,,,0
2000,Joe Cannon,,,,,,,,,2.0,1.0,0.0,0.0,,0.0,,0.0,0.0,0.0,,,,,,0
2000,Kevin Hartman,,,,,,,,,3.0,1.0,0.0,0.0,,0.0,,0.0,0.0,0.0,,,,,,0
2000,Zach Thornton,,,,,,,,,4.0,1.0,0.0,0.0,,0.0,,0.0,0.0,0.0,,,,,,0
2001,Joe Cannon,,,,,,,,,2.0,1.0,0.0,0.0,,0.0,,0.0,0.0,0.0,,,,,,0
2001,Zach Thornton,,,,,,,,,3.0,1.0,0.0,0.0,,0.0,,0.0,0.0,0.0,,,,,,0
2001,Tom Presthus,,,,,,,,,4.0,1.0,0.0,0.0,,0.0,,0.0,0.0,0.0,,,,,,0
2002,Joe Cannon,,,,,,,,,1.0,1.0,0.0,0.0,,0.0,,0.0,0.0,0.0,,,,,,0
2002,Nick Rimando,,,,,,,,,2.0,1.0,0.0,0.0,,0.0,,0.0,0.0,0.0,,,,,,0
2002,Kevin Hartman,,,,,,,,,4.0,1.0,0.0,0.0,,0.0,,0.0,0.0,0.0,,,,,,0
2003,Zach Thornton,,,,,,,,,2.0,1.0,0.0,0.0,,0.0,,0.0,0.0,0.0,,,,,,0
2003,Kevin Hartman,,,,,,,,,3.0,1.0,0.0,0.0,,0.0,,0.0,0.0,0.0,,,,,,0
2003,Adin Brown,,,,,,,,,4.0,1.0,0.0,0.0,,0.0,,0.0,0.0,0.0,,,,,,0
2004,Jon Busch,,,,,,,,,2.0,1.0,0.0,0.0,,0.0,,0.0,0.0,0.0,,,,,,0
2004,Bo Oshoniyi,,,,,,,,,3.0,1.0,0.0,0.0,,0.0,,0.0,0.0,0.0,,,,,,0
2004,Pat Onstad,,,,,,,,,4.0,1.0,0.0,0.0,,0.0,,0.0,0.0,0.0,,,,,,0
2005,Joe Cannon,,,,,,,,,2.0,1.0,0.0,0.0,,0.0,,0.0,0.0,0.0,,,,,,0
2005,Matt Reis,,,,,,,,,3.0,1.0,0.0,0.0,,0.0,,0.0,0.0,0.0,,,,,,0
2005,Bo Oshoniyi,,,,,,,,,4.0,1.0,0.0,0.0,,0.0,,0.0,0.0,0.0,,,,,,0
2006,Matt Reis,,,,,,,,,2.0,1.0,0.0,0.0,,0.0,,0.0,0.0,0.0,,,,,,0
2006,Pat Onstad,,,,,,,,,3.0,1.0,0.0,0.0,,0.0,,0.0,0.0,0.0,,,,,,0
2006,Preston Burpo,,,,,,,,,4.0,1.0,0.0,0.0,,0.0,,0.0,0.0,0.0,,,,,,0
2006,Dario Sala,,,,,,,,,5.0,1.0,0.0,0.0,,0.0,,0.0,0.0,0.0,,,,,,0
2007,Pat Onstad,,,,,,,,,2.0,1.0,0.0,0.0,,0.0,,0.0,0.0,0.0,,,,,,0
2007,Joe Cannon,,,,,,,,,4.0,1.0,0.0,0.0,,0.0,,0.0,0.0,0.0,,,,,,0
2007,Troy Perkins,,,,,,,,,5.0,1.0,0.0,0.0,1.0,1.0,,0.0,0.0,0.0,,,,,,0
2008,Matt Reis,,,,,,,,,2.0,1.0,0.0,0.0,,0.0,,0.0,0.0,0.0,,,,,,0
2008,Jon Conway,,,,,,,,,3.0,1.0,0.0,0.0,,0.0,,0.0,0.0,0.0,,,,,,0
2008,Greg Sutton,,,,,,,,,4.0,1.0,0.0,0.0,,0.0,,0.0,0.0,0.0,,,,,,0
2008,William Hesmer,,,,,,,,,5.0,1.0,0.0,0.0,,0.0,,0.0,0.0,0.0,,,,,,0
2009,Pat Onstad,,,,,,,,,2.0,1.0,0.0,0.0,,0.0,,0.0,0.0,0.0,,,,,,0
2009,Kasey Keller,,,,,,,,,3.0,1.0,0.0,0.0,,0.0,,0.0,0.0,0.0,,,,,,0
2009,Matt Reis,,,,,,,,,4.0,1.0,0.0,0.0,,0.0,,0.0,0.0,0.0,,,,,,0
2009,Jon Busch,,,,,,,,,5.0,1.0,0.0,0.0,,0.0,,0.0,0.0,0.0,,,,,,0
2010,Kevin Hartman,,,,,,,,,2.0,1.0,0.0,0.0,1.0,1.0,,0.0,0.0,0.0,,,,,,0
2010,Jimmy Nielsen,,,,,,,,,3.0,1.0,0.0,0.0,,0.0,,0.0,0.0,0.0,,,,,,0
2010,Joe Cannon,,,,,,,,,4.0,1.0,0.0,0.0,,0.0,,0.0,0.0,0.0,,,,,,0
2010,Zach Thornton,,,,,,,,,5.0,1.0,0.0,0.0,,0.0,,0.0,0.0,0.0,,,,,,0
2011,Faryd Mondragón,,,,,,,,,2.0,1.0,0.0,0.0,,0.0,,0.0,0.0,0.0,,,,,,0
2011,Kevin Hartman,,,,,,,,,3.0,1.0,0.0,0.0,1.0,1.0,,0.0,0.0,0.0,,,,,,0
2011,Nick Rimando,,,,,,,,,4.0,1.0,0.0,0.0,1.0,1.0,,0.0,0.0,0.0,,,,,,0
2011,Josh Saunders,,,,,,,,,5.0,1.0,0.0,0.0,,0.0,,0.0,0.0,0.0,,,,,,0
2012,Josh Saunders,,,,,,,,,2.0,1.0,0.0,0.0,,0.0,,0.0,0.0,0.0,,,,,,0
2012,Dan Kennedy,,,,,,,,,3.0,1.0,0.0,0.0,,0.0,,0.0,0.0,0.0,,,,,,0
2012,Michael Gspurning,,,,,,,,,4.0,1.0,0.0,0.0,,0.0,,0.0,0.0,0.0,,,,,,0
2012,Nick Rimando,,,,,,,,,5.0,1.0,0.0,0.0,,0.0,,0.0,0.0,0.0,,,,,,0
2013,Nick Rimando,,,,,,,,,2.0,1.0,0.0,0.0,,0.0,,0.0,0.0,0.0,,,,,,0
2013,Jimmy Nielsen,,,,,,,,,3.0,1.0,0.0,0.0,,0.0,,0.0,0.0,0.0,,,,,,0
2013,Luis Robles,,,,,,,,,4.0,1.0,0.0,0.0,,0.0,,0.0,0.0,0.0,,,,,,0
2013,Tally Hall,,,,,,,,,5.0,1.0,0.0,0.0,,0.0,,0.0,0.0,0.0,,,,,,0
2014,Nick Rimando,,,,,,,,,2.0,1.0,0.0,0.0,,0.0,,0.0,0.0,0.0,,,,,,0
2014,Steve Clark,,,,,,,,,3.0,1.0,0.0,0.0,,0.0,,0.0,0.0,0.0,,,,,,0
2014,Jaime Penedo,,,,,,,,,4.0,1.0,0.0,0.0,,0.0,,0.0,0.0,0.0,,,,,,0
2014,Joe Bendik,,,,,,,,,5.0,1.0,0.0,0.0,,0.0,,0.0,0.0,0.0,,,,,,0
2015,Chris Konopka,,,,,,,,,2.0,1.0,0.0,0.0,,0.0,,0.0,0.0,0.0,,,,,,0
2015,David Ousted,,,,,,,,,3.0,1.0,0.0,0.0,1.0,1.0,,0.0,0.0,0.0,,,,,,0
2015,Bill Hamid,,,,,,,,,4.0,1.0,0.0,0.0,,0.0,,0.0,0.0,0.0,,,,,,0
2015,Evan Bush,,,,,,,,,5.0,1.0,0.0,0.0,,0.0,,0.0,0.0,0.0,,,,,,0
2016,Tim Howard,,,,,,,,,3.0,1.0,0.0,0.0,,0.0,,0.0,0.0,0.0,,,,,,0
2016,Bill Hamid,,,,,,,,,4.0,1.0,0.0,0.0,,0.0,,0.0,0.0,0.0,,,,,,0
2016,David Bingham,,,,,,,,,5.0,1.0,0.0,0.0,,0.0,,0.0,0.0,0.0,,,,,,0
2017,Alex Bono,,,,,,,,,4.0,1.0,0.0,0.0,,0.0,,0.0,0.0,0.0,,,,,,0
2017,Sean Johnson,,,,,,,,,5.0,1.0,0.0,0.0,,0.0,,0.0,0.0,0.0,,,,,,0
2018,Stefan Frei,,,,,,,,,2.0,1.0,0.0,0.0,,0.0,,0.0,0.0,0.0,,,,,,0
2018,Luis Robles,,,,,,,,,3.0,1.0,0.0,0.0,,0.0,,0.0,0.0,0.0,,,,,,0
2018,Brad Guzan,,,,,,,,,5.0,1.0,0.0,0.0,,0.0,,0.0,0.0,0.0,,,,,,0
2019,Tim Melia,,,,,,,,,2.0,1.0,0.0,0.0,,0.0,,0.0,0.0,0.0,,,,,,0
2019,Sean Johnson,,,,,,,,,3.0,1.0,0.0,0.0,,0.0,,0.0,0.0,0.0,,,,,,0
2019,Brad Guzan,,,,,,,,,4.0,1.0,0.0,0.0,,0.0,,0.0,0.0,0.0,,,,,,0
2019,Matt Turner,,,,,,,,,5.0,1.0,0.0,0.0,,0.0,,0.0,0.0,0.0,,,,,,0
2020,Matt Turner,,,,,,,,,2.0,1.0,0.0,0.0,,0.0,,0.0,0.0,0.0,,,,,,0
2020,Eloy Room,,,,,,,,,3.0,1.0,0.0,0.0,,0.0,,0.0,0.0,0.0,,,,,,0
2020,Pedro Gallese,,,,,,,,,4.0,1.0,0.0,0.0,,0.0,,0.0,0.0,0.0,,,,,,0
2020,Stefan Frei,,,,,,,,,5.0,1.0,0.0,0.0,,0.0,,0.0,0.0,0.0,,,,,,0
2021,Joe Willis,,,,,,,,,3.0,1.0,0.0,0.0,,0.0,,0.0,0.0,0.0,,,,,,0
2021,William Yarbrough,,,,,,,,,4.0,1.0,0.0,0.0,,0.0,,0.0,0.0,0.0,,,,,,0
2021,Maxime Crépeau,,,,,,,,,5.0,1.0,0.0,0.0,,0.0,,0.0,0.0,0.0,,,,,,0
2022,Djordje Petrović,,,,,,,,,2.0,1.0,0.0,0.0,,0.0,,0.0,0.0,0.0,,,,,,0
2022,Drake Callender,,,,,,,,,3.0,1.0,0.0,0.0,,0.0,,0.0,0.0,0.0,,,,,,0
2022,Roman Celentano,,,,,,,,,4.0,1.0,0.0,0.0,,0.0,,0.0,0.0,0.0,,,,,,0
2022,Brad Stuver,,,,,,,,,5.0,1.0,0.0,0.0,,0.0,,0.0,0.0,0.0,,,,,,0
1996,Eric Wynalda,,San Jose Clash,,,,,,,,,1.0,0.0,,0.0,,0.0,0.0,0.0,,,,,,0
1998,Brian McBride,,Columbus Crew,,,,,,,,,1.0,0.0,,0.0,,0.0,1.0,0.0,,,,,,0
1999,Marco Etcheverry,,D.C. United,,,,,,,,,1.0,0.0,,0.0,0.0,1.0,0.0,0.0,,,,,,0
2000,Marcelo Balboa,,Colorado Rapids,,,,,,,,,1.0,0.0,,0.0,,0.0,0.0,0.0,,,,,,0
2001,Clint Mathis,,MetroStars,,,,,,,,,1.0,0.0,,0.0,,0.0,0.0,0.0,,,,,,0
2003,Damani Ralph,,Chicago Fire,,,,,,,,,1.0,0.0,,0.0,,0.0,0.0,0.0,Forward,18.0,2003 MLS SuperDraft,Connecticut,,1
2004,Dwayne De Rosario,,San Jose Earthquakes,,,,,,,,,1.0,0.0,,0.0,,0.0,0.0,0.0,,,,,,0
2006,Brian Ching,,Houston Dynamo,,,,,,,,,1.0,0.0,1.0,1.0,,0.0,0.0,0.0,,,,,,0
2007,Cuauhtémoc Blanco,,Chicago Fire,,,,,,,,,1.0,0.0,,0.0,0.0,1.0,0.0,0.0,,,,,,0
2008,Will Johnson,,Real Salt Lake,,,,,,,,,1.0,0.0,,0.0,,0.0,0.0,0.0,,,,,,0
2010,Marco Pappa,,Chicago Fire,,,,,,,,,1.0,0.0,,0.0,,0.0,0.0,0.0,,,,,,0
2011,Darlington Nagbe,,Portland Timbers,,,,,,,,,1.0,0.0,,0.0,,0.0,0.0,0.0,,,,,,0
2012,Patrick Ianni,,Seattle Sounders FC,,,,,,,,,1.0,0.0,,0.0,,0.0,0.0,0.0,,,,,,0
2013,Camilo Sanvezzo,,Vancouver Whitecaps FC,,,,,,,,,1.0,1.0,,0.0,,0.0,0.0,0.0,,,,,,0
2015,Krisztián Németh,,Sporting Kansas City,,,,,,,,,1.0,0.0,1.0,1.0,,0.0,0.0,0.0,,,,,,0
2016,Shkëlzen Gashi,,Colorado Rapids,,,,,,,,,1.0,0.0,,0.0,,0.0,0.0,0.0,,,,,,0
2017,Héctor Villalba,,Atlanta United FC,,,,,,,,,1.0,0.0,,0.0,,0.0,0.0,0.0,,,,,,0
2020,Darlington Nagbe,,Columbus Crew,,,,,,,,,1.0,0.0,,0.0,,0.0,0.0,0.0,,,,,,0
2021,Rubio Rubin,,Real Salt Lake,,,,,,,,,1.0,0.0,,0.0,,0.0,0.0,0.0,,,,,,0
2022,Josef Martínez,,Atlanta United FC,,,,,,,,,1.0,0.0,,0.0,,0.0,0.0,0.0,,,,,,0
1997,Preki,,,,,,,,,,,,1.0,,0.0,1.0,1.0,0.0,0.0,,,,,,0
2003,Preki,,,,,,,,,,,,1.0,,0.0,1.0,1.0,0.0,0.0,,,,,,0
2004,Pat Noonan,,,,,,,,,,,,1.0,,0.0,,0.0,0.0,0.0,,,,,,0
2005,Taylor Twellman,,,,,,,,,,,,1.0,1.0,1.0,1.0,1.0,0.0,0.0,,,,,,0
2007,Luciano Emilio,,,,,,,,,,,,1.0,1.0,1.0,1.0,1.0,0.0,0.0,,,,,,0
2012,Chris Wondolowski,,,,,,,,,,,,1.0,4.0,1.0,1.0,1.0,0.0,0.0,,,,,,0
2016,Bradley Wright-Phillips,,,,,,,,,,,,1.0,1.0,1.0,0.0,1.0,0.0,0.0,,,,,,0
2019,Carlos Vela,,,,,,,,,,,,1.0,3.0,1.0,1.0,1.0,0.0,0.0,,,,,,0
2022,Hany Mukhtar,,,,,,,,,,,,1.0,1.0,1.0,1.0,1.0,0.0,0.0,,,,,,0
2023,Denis Bouanga,,,,,,,,,,,,1.0,,0.0,,0.0,0.0,0.0,,,,,,0
2018,Adama Diomande,,,,,,,,,,,,,1.0,1.0,,0.0,0.0,0.0,,,,,,0
2006,Amado Guevara,,,,,,,,,,,,,1.0,1.0,,0.0,0.0,0.0,,,,,,0
2014,Benny Feilhaber,,,,,,,,,,,,,1.0,1.0,,0.0,0.0,0.0,,,,,,0
2022,Brenner,,,,,,,,,,,,,2.0,1.0,,0.0,0.0,0.0,,,,,,0
2009,Brian McBride,,,,,,,,,,,,,1.0,1.0,,0.0,0.0,0.0,,,,,,0
2013,Camilo,,,,,,,,,,,,,2.0,1.0,,0.0,0.0,0.0,,,,,,0
2005,Carlos Ruiz,,,,,,,,,,,,,1.0,1.0,,0.0,0.0,0.0,,,,,,0
2006,Carlos Ruiz,,,,,,,,,,,,,1.0,1.0,,0.0,0.0,0.0,,,,,,0
2016,Chad Marshall,,,,,,,,,,,,,1.0,1.0,,0.0,0.0,0.0,,,,,,0
2019,Chris Wondolowski,,,,,,,,,,,,,1.0,1.0,,0.0,0.0,0.0,,,,,,0
2014,Clint Dempsey,,,,,,,,,,,,,1.0,1.0,,0.0,0.0,0.0,,,,,,0
2017,Daniel Royer,,,,,,,,,,,,,1.0,1.0,,0.0,0.0,0.0,,,,,,0
2008,Darren Huckerby,,,,,,,,,,,,,1.0,1.0,,0.0,0.0,0.0,,,,,,0
2020,Daryl Dike,,,,,,,,,,,,,1.0,1.0,,0.0,0.0,0.0,,,,,,0
2015,Didier Drogba,,,,,,,,,,,,,2.0,1.0,,0.0,0.0,0.0,,,,,,0
2014,Dom Dwyer,,,,,,,,,,,,,1.0,1.0,,0.0,0.0,0.0,,,,,,0
2013,Dominic Oduro,,,,,,,,,,,,,1.0,1.0,,0.0,0.0,0.0,,,,,,0
2021,Eduardo López,,,,,,,,,,,,,1.0,1.0,,0.0,0.0,0.0,,,,,,0
2014,Eric Kronberg,,,,,,,,,,,,,1.0,1.0,,0.0,0.0,0.0,,,,,,0
2016,Fanendo Adi,,,,,,,,,,,,,1.0,1.0,,0.0,0.0,0.0,,,,,,0
2018,Felipe Gutiérrez,,,,,,,,,,,,,1.0,1.0,,0.0,0.0,0.0,,,,,,0
2016,Frank Lampard,,,,,,,,,,,,,1.0,1.0,,0.0,0.0,0.0,,,,,,0
2009,Fredy Montero,,,,,,,,,,,,,1.0,1.0,,0.0,0.0,0.0,,,,,,0
2010,Fredy Montero,,,,,,,,,,,,,1.0,1.0,,0.0,0.0,0.0,,,,,,0
2011,Graham Zusi,,,,,,,,,,,,,1.0,1.0,,0.0,0.0,0.0,,,,,,0
2008,Guillermo Barros Schelotto,,,,,,,,,,,,,1.0,1.0,1.0,1.0,0.0,0.0,,,,,,0
2017,Ignacio Piatti,,,,,,,,,,,,,1.0,1.0,,0.0,0.0,0.0,,,,,,0
2013,Jack McInerney,,,,,,,,,,,,,2.0,1.0,,0.0,0.0,0.0,,,,,,0
2021,Javier Hernández,,,,,,,,,,,,,2.0,1.0,,0.0,0.0,0.0,,,,,,0
2016,Joao Plata,,,,,,,,,,,,,1.0,1.0,,0.0,0.0,0.0,,,,,,0
2017,Joe Bendik,,,,,,,,,,,,,1.0,1.0,,0.0,0.0,0.0,,,,,,0
2006,Jonathan Bornstein,,,,,,,,,,,,,1.0,1.0,,0.0,0.0,0.0,,,,,,0
2006,Jose Burciaga Jr.,,,,,,,,,,,,,1.0,1.0,,0.0,0.0,0.0,,,,,,0
2008,Juan Pablo Angel,,,,,,,,,,,,,1.0,1.0,,0.0,0.0,0.0,,,,,,0
2016,Justin Meram,,,,,,,,,,,,,1.0,1.0,,0.0,0.0,0.0,,,,,,0
2014,Lee Nguyen,,,,,,,,,,,,,1.0,1.0,0.0,1.0,0.0,0.0,,,,,,0
2022,Lucas Zelarayán,,,,,,,,,,,,,2.0,1.0,,0.0,0.0,0.0,,,,,,0
2008,Luciano Emilio,,,,,,,,,,,,,1.0,1.0,,0.0,0.0,0.0,,,,,,0
2006,Matt Pickens,,,,,,,,,,,,,1.0,1.0,,0.0,0.0,0.0,,,,,,0
2007,Matt Pickens,,,,,,,,,,,,,1.0,1.0,,0.0,0.0,0.0,,,,,,0
2014,Mauro Díaz,,,,,,,,,,,,,1.0,1.0,,0.0,0.0,0.0,,,,,,0
2005,Nate Jaqua,,,,,,,,,,,,,1.0,1.0,,0.0,0.0,0.0,,,,,,0
2008,Nick Rimando,,,,,,,,,,,,,1.0,1.0,,0.0,0.0,0.0,,,,,,0
2010,Nick Rimando,,,,,,,,,,,,,1.0,1.0,,0.0,0.0,0.0,,,,,,0
2016,Nicolás Lodeiro,,,,,,,,,,,,,1.0,1.0,,0.0,0.0,0.0,,,,,,0
2015,Octavio Rivero,,,,,,,,,,,,,1.0,1.0,,0.0,0.0,0.0,,,,,,0
2010,Omar Cummings,,,,,,,,,,,,,1.0,1.0,,0.0,0.0,0.0,,,,,,0
2012,Patrice Bernier,,,,,,,,,,,,,1.0,1.0,,0.0,0.0,0.0,,,,,,0
2022,Paul Arriola,,,,,,,,,,,,,1.0,1.0,,0.0,0.0,0.0,,,,,,0
2005,Ricardo Clark,,,,,,,,,,,,,1.0,1.0,,0.0,0.0,0.0,,,,,,0
2012,Robbie Keane,,,,,,,,,,,,,1.0,1.0,,0.0,0.0,0.0,,,,,,0
2005,Scott Sealy,,,,,,,,,,,,,1.0,1.0,,0.0,0.0,0.0,,,,,,0
2022,Sebastián Driussi,,,,,,,,,,,,,2.0,1.0,0.0,1.0,0.0,0.0,,,,,,0
2011,Sébastien Le Toux,,,,,,,,,,,,,1.0,1.0,,0.0,0.0,0.0,,,,,,0
2020,Taty Castellanos,,,,,,,,,,,,,2.0,1.0,,0.0,0.0,0.0,,,,,,0
2016,Yura Movsisyan,,,,,,,,,,,,,1.0,1.0,,0.0,0.0,0.0,,,,,,0
2010,Álvaro Saborío,,,,,,,,,,,,,1.0,1.0,,0.0,0.0,0.0,,,,,,0
1998,Marco Etcheverry,,,,,,,,,,,,,,,1.0,1.0,0.0,0.0,,,,,,0
2002,Carlos Ruíz,,,,,,,,,,,,,,,1.0,1.0,0.0,0.0,,,,,,0
2006,Christian Gómez,,,,,,,,,,,,,,,1.0,1.0,0.0,0.0,,,,,,0
2016,David Villa,,,,,,,,,,,,,,,1.0,1.0,0.0,0.0,,,,,,0
2017,Diego Valeri,,,,,,,,,,,,,,,1.0,1.0,0.0,0.0,,,,,,0
1997,Carlos Valderrama,,,,,,,,,,,,,,,0.0,1.0,0.0,0.0,,,,,,0
1998,Peter Nowak,,,,,,,,,,,,,,,0.0,1.0,0.0,0.0,,,,,,0
2007,Juan Pablo Ángel,,,,,,,,,,,,,,,0.0,1.0,0.0,0.0,,,,,,0
2009,Shalrie Joseph,,,,,,,,,,,,,,,0.0,1.0,0.0,0.0,,,,,,0
2021,Dániel Sallói,,,,,,,,,,,,,,,0.0,1.0,0.0,0.0,,,,,,0
2021,Valentín Castellanos,,,,,,,,,,,,,,,0.0,1.0,0.0,0.0,,,,,,0
1996,Carlos Valderrama,,Tampa Bay Mutiny,,,,,,,,,,,,,,,1.0,0.0,,,,,,0
1997,Carlos Valderrama,,Tampa Bay Mutiny,,,,,,,,,,,,,,,1.0,0.0,,,,,,0
1999,Preki,,Kansas City Wizards,,,,,,,,,,,,,,,1.0,0.0,,,,,,0
2000,Mamadou Diallo,,Tampa Bay Mutiny,,,,,,,,,,,,,,,1.0,0.0,,,,,,0
2001,Landon Donovan,,San Jose Earthquakes,,,,,,,,,,,,,,,1.0,0.0,,,,,,0
2002,Marco Etcheverry,,D.C. United,,,,,,,,,,,,,,,1.0,0.0,,,,,,0
2003,Carlos Ruiz,,LA Galaxy,,,,,,,,,,,,,,,1.0,0.0,,,,,,0
2004,Amado Guevara,,NY/NJ Metrostars,,,,,,,,,,,,,,,1.0,0.0,,,,,,0
2005,Taylor Twellman,,New England Revolution,,,,,,,,,,,,,,,1.0,0.0,,,,,,0
2006,Dwayne De Rosario,,Houston Dynamo,,,,,,,,,,,,,,,1.0,0.0,,,,,,0
2007,Juan Pablo Ángel,,New York Red Bulls,,,,,,,,,,,,,,,1.0,0.0,,,,,,0
2008,Cuauhtémoc Blanco,,Chicago Fire,,,,,,,,,,,,,,,1.0,0.0,,,,,,0
2015,Kaká,,Orlando City,,,,,,,,,,,,,,,1.0,0.0,,,,,,0
2018,Josef Martínez,,Atlanta United FC,,,,,,,,,,,,,,,1.0,0.0,,,,,,0
2021,Matt Turner[15],,New England Revolution,,,,,,,,,,,,,,,1.0,0.0,,,,,,0
2022,Dayne St. Clair[16],,Minnesota United FC,,,,,,,,,,,,,,,1.0,0.0,,,,,,0
2007,Luciano Emilio,,D.C. United,,,,,,,,,,,,,,,,1.0,,,,,,0
2008,Darren Huckerby,,San Jose Earthquakes,,,,,,,,,,,,,,,,1.0,,,,,,0
2009,Fredy Montero,,Seattle Sounders FC,,,,,,,,,,,,,,,,1.0,,,,,,0
2010,Álvaro Saborío,,Real Salt Lake,,,,,,,,,,,,,,,,1.0,,,,,,0
2011,Mauro Rosales,,Seattle Sounders FC,,,,,,,,,,,,,,,,1.0,,,,,,0
2012,Federico Higuaín,,Columbus Crew SC,,,,,,,,,,,,,,,,1.0,,,,,,0
2013,Diego Valeri,,Portland Timbers,,,,,,,,,,,,,,,,1.0,,,,,,0
2014,Pedro Morales,,Vancouver Whitecaps FC,,,,,,,,,,,,,,,,1.0,,,,,,0
2015,Sebastian Giovinco,,Toronto FC,,,,,,,,,,,,,,,,1.0,,,,,,0
2016,Nicolás Lodeiro,,Seattle Sounders FC,,,,,,,,,,,,,,,,1.0,,,,,,0
2017,Miguel Almirón,,Atlanta United FC,,,,,,,,,,,,,,,,1.0,,,,,,0
2019,Carles Gil,,New England Revolution,,,,,,,,,,,,,,,,1.0,,,,,,0
2020,Lucas Zelarayán,,Columbus Crew SC,,,,,,,,,,,,,,,,1.0,,,,,,0
2021,Cristian Arango,,Los Angeles FC,,,,,,,,,,,,,,,,1.0,,,,,,0
2022,Thiago Almada,,Atlanta United FC,,,,,,,,,,,,,,,,1.0,,,,,,0
1996,Steve Ralston,,Tampa Bay Mutiny,,,,,,,,,,,,,,,,,Midfielder,18.0,1996 MLS College Draft,Florida International,,1
1997,Mike Duhaney,,Tampa Bay Mutiny,,,,,,,,,,,,,,,,,Defender,87.0,1996 MLS Inaugural Draft,UNLV,,1
1998,Ben Olsen,,D.C. United,,,,,,,,,,,,,,,,,Midfielder,,Project-40,Virginia,,1
1999,Jay Heaps,,Miami Fusion,,,,,,,,,,,,,,,,,Defender,2.0,1999 MLS College Draft,Duke,,1
2000,Carlos Bocanegra,,Chicago Fire,,,,,,,,,,,,,,,,,Defender,4.0,2000 MLS SuperDraft,UCLA,,1
2001,Rodrigo Faria,,MetroStars,,,,,,,,,,,,,,,,,Forward,13.0,2001 MLS SuperDraft,Concordia College,,1
2002,Kyle Martino,,Columbus Crew,,,,,,,,,,,,,,,,,Midfielder,8.0,2002 MLS SuperDraft,Virginia,,1
2004,Clint Dempsey,,New England Revolution,,,,,,,,,,,,,,,,,Midfielder,8.0,2004 MLS SuperDraft,Furman,,1
2005,Michael Parkhurst,,New England Revolution,,,,,,,,,,,,,,,,,Defender,9.0,2005 MLS SuperDraft,Wake Forest,,1
2006,Jonathan Bornstein,,Chivas USA,,,,,,,,,,,,,,,,,Defender,37.0,2006 MLS SuperDraft,UCLA,,1
2007,Maurice Edu,,Toronto FC,,,,,,,,,,,,,,,,,Midfielder,1.0,2007 MLS SuperDraft,Maryland,,1
2008,Sean Franklin,,LA Galaxy,,,,,,,,,,,,,,,,,Defender,4.0,2008 MLS SuperDraft,Cal State Northridge,,1
2009,Omar Gonzalez,,LA Galaxy,,,,,,,,,,,,,,,,,Defender,3.0,2009 MLS SuperDraft,Maryland,,1
2010,Andy Najar,,D.C. United,,,,,,,,,,,,,,,,,Midfielder,,Homegrown Player,,,1
2011,C. J. Sapong,,Sporting Kansas City,,,,,,,,,,,,,,,,,Forward,10.0,2011 MLS SuperDraft,James Madison,,1
2012,Austin Berry,,Chicago Fire,,,,,,,,,,,,,,,,,Defender,9.0,2012 MLS SuperDraft,Louisville,,1
2013,Dillon Powers,,Colorado Rapids,,,,,,,,,,,,,,,,,Midfielder,11.0,2013 MLS SuperDraft,Notre Dame,,1
2014,Tesho Akindele,,FC Dallas,,,,,,,,,,,,,,,,,Forward,6.0,2014 MLS SuperDraft,Colorado School of Mines,,1
2015,Cyle Larin,,Orlando City SC,,,,,,,,,,,,,,,,,Forward,1.0,2015 MLS SuperDraft,Connecticut,,1
2016,Jordan Morris,,Seattle Sounders FC,,,,,,,,,,,,,,,,,Forward,,Homegrown Player,Stanford,,1
2017,Julian Gressel,,Atlanta United FC,,,,,,,,,,,,,,,,,Midfielder,8.0,2017 MLS SuperDraft,Providence College,,1
2018,Corey Baird,,Real Salt Lake,,,,,,,,,,,,,,,,,Forward,,Homegrown Player,Stanford,,1
2019,Andre Shinyashiki,,Colorado Rapids,,,,,,,,,,,,,,,,,Forward,5.0,2019 MLS SuperDraft,Denver,,1
2020,Diego Rossi,,Los Angeles FC,,,,,,,,,,,,,,,,,Forward,,,,22.0,1
2021,Ricardo Pepi,,FC Dallas,,,,,,,,,,,,,,,,,Forward,,,,18.0,1
